split,model,MAE,RMSE,R2
time,RandomForest_B,4.306216265164847,10.458876657735399,0.29024524666100837
spatial,RandomForest_B,2.90375583858239,4.746541101053825,0.6712502755727932
