split,model,MAE,RMSE,R2
time,Ridge_C,4.843267546362273,10.933604206646038,0.22435155881819013
spatial,Ridge_C,4.314381369122733,6.095275914537191,0.45787723472628483
