split,model,MAE,RMSE,R2
time,Ridge_C,4.843267546362268,10.933604206646043,0.22435155881818936
spatial,Ridge_C,4.3143813691227315,6.095275914537192,0.4578772347262847
