split,model,MAE,RMSE,R2
time,Ridge_C,6.039247652159709,11.7683375881838,0.10139576034579312
spatial,Ridge_C,4.903617473867286,7.016555660737493,0.2816123540659319
