split,model,MAE,RMSE,R2
time,RF_A,4.4903809638683585,10.596677612023408,0.271419286709065
spatial,RF_A,3.773664335750437,5.680151171553054,0.5292062441946022
time,XGBoost_A,4.300732194772786,10.45153322716824,0.29124156876584895
spatial,XGBoost_A,3.8710580920539948,5.799940579539322,0.5091396030869171
