split,model,MAE,RMSE,R2
time,RandomForest_B,4.306216265164847,10.4588766577354,0.29024524666100826
spatial,RandomForest_B,2.90375583858239,4.7465411010538245,0.6712502755727932
