split,model,MAE,RMSE,R2
time,RF_A,4.384798208136111,10.467598678079142,0.28906097480565107
spatial,RF_A,3.858498905606994,6.0016643300137895,0.4744012671139044
time,XGBoost_A,4.288854528461907,10.397701191678784,0.29852387840636996
spatial,XGBoost_A,4.001915914226864,6.117697449954574,0.45388149064091055
