model,avg_RMSE,avg_MAE,avg_R2
Model_B_RF,7.602708879394613,3.6049860518736185,0.48074776111690065
Model_A_XGBoost,8.02616974614119,4.029490668210999,0.41346273108961307
Model_A_RF,8.144605585999832,4.13126592407132,0.3994772080308298
Model_C_Ridge,8.514440060591618,4.5788244577425,0.341114396772237
